﻿<?xml version="1.0" encoding="UTF-8" standalone="yes"?>
<addon id="repo.BXL" name="[B][COLOR white].[/COLOR][COLOR mediumblue][/COLOR][COLOR lime] REPO[/COLOR][COLOR yellow] BXL[/B][/COLOR]" version="1.6" provider-name="repo.BXL">
<requires>
    <import addon="xbmc.python" version="2.1.0"/>
    <import addon="script.module.beautifulsoup" version="3.2.1"/>
    <import addon="script.module.simple.downloader" version="0.9.4"/>
    <import addon="script.module.t0mm0.common" version="2.0.0"/>
    <import addon="script.module.beautifulsoup4" />
    <import addon="script.module.requests" />
    <import addon="script.module.httplib2" />
    <import addon="script.module.simple.downloader" version="0.9.4"/>
    <import addon="plugin.video.youtube" version="6.0.0~alpha6" />
    <import addon="script.module.urlresolver" />
    <import addon="script.module.simplejson" />    
    <import addon="script.module.livestreamer"/>
    <import addon="script.module.pyamf"/>
    <import addon="script.common.plugin.cache" version="2.5.2"/>
    <import addon="script.module.metahandler" version="2.5.1"/>
	<import addon="script.module.addon.common" />
	<import addon="script.module.addon.signals" version="0.0.1"/>
	<import addon="script.module.youtube.dl"/>
</requires>
	<extension point="xbmc.addon.repository" name="Repositorio BXL">
		<info compressed="false">https://raw.githubusercontent.com/carivaldo/kako/master/laddons.xml</info>
		<checksum>https://raw.githubusercontent.com/carivaldo/kako/master/addons.xml.md5</checksum>
		<datadir zip="true">https://raw.githubusercontent.com/carivaldo/kako/master/addon.xml/install</datadir>
	</extension>
	<extension point="xbmc.addon.metadata">
	  <news>
Add-on INSTALADO VIA REPO BXL, não baixe Add-ons que não sejam Oficial,
        </news>
		<summary>Repositorio BXL</summary>
		<description>Repositório BXL - Proibido Cópia e Reprodução sem Autorização.</description>
		<disclaimer></disclaimer>
		<platform>all</platform>
	</extension>
</addon>